{
  "metadata": {
    "name": "Bạch Ngọc Sách",
    "author": "Darkrai",
    "version": 1,
    "source": "https://bachngocsach.com/reader/",
    "icon": "icon.png",
    "regexp": "https://bachngocsach.com/reader/[^/]+/?$",
    "description": "Đọc truyện trên trang bachngocsach.com/reader",
    "local": "vi-VN",
    "language": "lua"
  },
  "script": {
    "home": "home.lua",
    "genre": "genre.lua",
    "detail": "detail.lua",
    "page": "page.lua",
    "toc": "toc.lua",
    "chap": "chap.lua"
  }
}