{
  "metadata": {
    "name": "Truyện Nhiều",
    "author": "Nhocconsr",
    "version": 1,
    "source": "https://truyennhieu.com",
    "icon": "https://res.cloudinary.com/tncdn11/image/upload/v1573747141/truyennhieu/images/icons/favicon-96x96.png",
    "url": "https://raw.githubusercontent.com/Darkrai9x/extensions/master/truyennhieu/plugin.zip",
    "regexp": "(www.)?truyennhieu.com/[^/]+/?",
    "description": "Đọc truyện trên trang Truyennhieu.com",
    "local": "vi-VN",
    "language": "lua"
  },
  "script": {
    "home": "home.lua",
    "genre": "genre.lua",
    "detail": "detail.lua",
    "search": "search.lua",
    "toc": "toc.lua",
    "chap": "chap.lua"
  }
}